INSERT INTO `laundry`.`jeniswork` (`id`,`createdDate`,`deleted`,`keterangan`,`modifiedDate`,`nama`)
VALUES
(1,'2013-11-16 14:41:29','N','Laundry',null,'Laundry'),
(2,'2013-11-16 14:41:33','N','Dry Cleaning',null,'Dry Cleaning'),
(3,'2013-11-16 14:41:37','N','Pressing',null,'Pressing');

INSERT INTO `laundry`.`kategori`
(`id`,`createdDate`,`deleted`,`keterangan`,`modifiedDate`,`nama`)
VALUES
(1,'2013-11-16 14:41:47','N','Gentlement',null,'Gentlement'),
(2,'2013-11-16 14:41:50','N','Ladies',null,'Ladies'),
(3,'2013-11-16 14:41:55','N','Children',null,'Children'),
(4, '2014-01-04 15:58:31', 'N', 'Bahan Cloth / Linen', null, 'Linen Cloth'),
(5, '2014-01-04 15:58:41', 'N', 'Bahan F & B Linen', null, 'F & B Linen');

INSERT INTO `laundry`.`itempakaian`
(`id`,`createdDate`,`deleted`,`modifiedDate`,`nama`, `kategori_id`)
VALUES
(1,'2013-11-16 14:42:08','N',null,'Setelan jas / Two - piece Suit',1),
(2,'2013-11-16 14:42:13','N',null,'Jas / Jacket / Coat',1),
(3,'2013-11-16 14:42:18','N',null,'Jas Panjang / Long Coat',1),
(4,'2013-11-16 00:00:00','N',null,'Rompi (Vest)',1),
(5,'2013-11-16 00:00:00','N',null,'Celana Panjang (Trouser)',1),
(6,'2013-11-16 00:00:00','N',null,'Celana Pendek (Short)',1),
(7,'2013-11-16 00:00:00','N',null,'Kemeja Lengan Panjang (Shirt Long Sleeve)',1),
(8,'2013-11-16 00:00:00','N',null,'Kemeja Lengan Pendek (Shirt Short Sleeve)',1),
(9,'2013-11-16 00:00:00','N',null,'Kaos (T Shirt)',1),
(10,'2013-11-16 00:00:00','N',null,'Kaos Dalam (Under Shirt)',1),
(11,'2013-11-16 00:00:00','N',null,'Celana Dalam (Under Short)',1),
(12,'2013-11-16 00:00:00','N',null,'Kaos Kaki (Socks)',1),
(13,'2013-11-16 00:00:00','N',null,'Cook Jacket',1),
(14,'2013-11-16 00:00:00','N',null,'Apron',1),
(15,'2013-11-16 00:00:00','N',null,'Baju Tidur (Pyjamas)',1),
(16,'2013-11-16 00:00:00','N',null,'Dasi (Necktie)',1),
(17,'2013-11-16 00:00:00','N',null,'Sapu Tangan (Handkerchief)',1),
(18,'2013-11-16 00:00:00','N',null,'Jas (Jacket) / Blazer',2),
(19,'2013-11-16 00:00:00','N',null,'Blus (Blouse)',2),
(20,'2013-11-16 00:00:00','N',null,'Rok Pendek (Skirt)',2),
(21,'2013-11-16 00:00:00','N',null,'Rok Panjang (Long Skirt)',2),
(22,'2013-11-16 00:00:00','N',null,'Gaun Panjang (Long Dress)',2),
(23,'2013-11-16 00:00:00','N',null,'Gaun Pendek (Short Dress)',2),
(24,'2013-11-16 00:00:00','N',null,'Gaun Berpayet Pendek (Sequired Short Dress)',2),
(25,'2013-11-16 00:00:00','N',null,'Gaun Berpayet Panjang (Sequired Long Dress)',2),
(26,'2013-11-16 00:00:00','N',null,'Baju Kebaya',2),
(27,'2013-11-16 00:00:00','N',null,'Stelan Kebaya',2),
(28,'2013-11-16 00:00:00','N',null,'Sarung (Sarong)',2),
(29,'2013-11-16 00:00:00','N',null,'Sajadah / Mukenah',2),
(30,'2013-11-16 00:00:00','N',null,'Selendang (Scarf) / Kerudung',2),
(31,'2013-11-16 00:00:00','N',null,'Handuk Besar (Bath Towel)',3),
(32,'2013-11-16 00:00:00','N',null,'Handuk Sedang (Hand Towel)',3),
(33,'2013-11-16 00:00:00','N',null,'Handuk Kecil (Face Towel)',3),
(34,'2013-11-16 00:00:00','N',null,'Bath Mat',3),
(35,'2013-11-16 00:00:00','N',null,'Therapy Towel',3),
(36,'2013-11-16 00:00:00','N',null,'Reflexology Towel',3),
(37,'2013-11-16 00:00:00','N',null,'Pool Towel',3),
(38,'2013-11-16 00:00:00','N',null,'Bathrobe',3),
(39,'2013-11-16 00:00:00','N',null,'Seprei (Bad Sheet) King',3),
(40,'2013-11-16 00:00:00','N',null,'Seprei (Bad Sheet) Queen',3),
(41,'2013-11-16 00:00:00','N',null,'Seprei (Bad Sheet) Twin',3),
(42,'2013-11-16 00:00:00','N',null,'Duvet Cover King',3),
(43,'2013-11-16 00:00:00','N',null,'Duvet Cover Queen',3),
(44,'2013-11-16 00:00:00','N',null,'Duvet Cover Twin',3),
(45,'2013-11-16 00:00:00','N',null,'Selimut (Blanket) / Inner Duvet / Bed Pad',3),
(46,'2013-11-16 00:00:00','N',null,'Sarung Bantal (Pillow Case)',3),
(47,'2013-11-16 00:00:00','N',null,'Mattress Protector',3),
(48,'2013-11-16 00:00:00','N',null,'Gorden (Curtain)',3),
(49,'2013-11-16 00:00:00','N',null,'Bath Towel',4),
(50,'2013-11-16 00:00:00','N',null,'Hand Towel',4),
(51,'2013-11-16 00:00:00','N',null,'Face Towel',4),
(52,'2013-11-16 00:00:00','N',null,'Pool Towel',4),
(53,'2013-11-16 00:00:00','N',null,'Bath Mat',4),
(54,'2013-11-16 00:00:00','N',null,'Bathrobe / Kimono',4),
(55,'2013-11-16 00:00:00','N',null,'Bed Sheet King',4),
(56,'2013-11-16 00:00:00','N',null,'Bed Sheet Queen',4),
(57,'2013-11-16 00:00:00','N',null,'Bed Sheet Twin',4),
(58,'2013-11-16 00:00:00','N',null,'Duvet Cover King',4),
(59,'2013-11-16 00:00:00','N',null,'Duvet Cover Queen',4),
(60,'2013-11-16 00:00:00','N',null,'Duvet Cover Twin',4),
(61,'2013-11-16 00:00:00','N',null,'Blanket / Inner Duvet',4),
(62,'2013-11-16 00:00:00','N',null,'Pillowcase / Bolstercase',4),
(63,'2013-11-16 00:00:00','N',null,'Skirting',4),
(64,'2013-11-16 00:00:00','N',null,'Curtain',4),
(65,'2013-11-16 00:00:00','N',null,'Mattress',4),
(66,'2013-11-16 00:00:00','N',null,'Table Cloth',5),
(67,'2013-11-16 00:00:00','N',null,'Napkin',5),
(68,'2013-11-16 00:00:00','N',null,'Place Mat',5),
(69,'2013-11-16 00:00:00','N',null,'Cover Chair',5),
(70,'2013-11-16 00:00:00','N',null,'Overlay',5),
(71,'2013-11-16 00:00:00','N',null,'Kain Satin',5),
(72,'2013-11-16 00:00:00','N',null,'Valvet / Runner',5),
(73,'2013-11-16 00:00:00','N',null,'Short / Celana Pendek Spa',5);

INSERT INTO `laundry`.`work`
(`id`,`createdDate`,`deleted`,`hargaCorporate`,`hargaOutsider`,`modifiedDate`,`itemPakaian_id`,`jenisWork_id`)
VALUES
(1,'2013-11-16 14:43:08','N',0,0,null,1,1),
(2,'2013-11-16 14:43:08','N',0,0,null,2,1),
(3,'2013-11-16 14:43:08','N',20500,21525,null,3,1),
(4,'2013-11-16 14:43:08','N',11000,11550,null,4,1),
(5,'2013-11-16 14:43:08','N',12000,12600,null,5,1),
(6,'2013-11-16 14:43:08','N',11000,11550,null,6,1),
(7,'2013-11-16 14:43:08','N',11750,12338,null,7,1),
(8,'2013-11-16 14:43:08','N',11500,12075,null,8,1),
(9,'2013-11-16 14:43:08','N',11500,12075,null,9,1),
(10,'2013-11-16 14:43:08','N',7500,7875,null,10,1),
(11,'2013-11-16 14:43:08','N',7500,7875,null,11,1),
(12,'2013-11-16 14:43:08','N',6000,6300,null,12,1),
(13,'2013-11-16 14:43:08','N',16000,16800,null,13,1),
(14,'2013-11-16 14:43:08','N',2500,2625,null,14,1),
(15,'2013-11-16 14:43:08','N',15000,15750,null,15,1),
(16,'2013-11-16 14:43:08','N',12500,13125,null,16,1),
(17,'2013-11-16 14:43:08','N',5500,5775,null,17,1),
(18,'2013-11-16 14:43:08','N',20500,21525,null,18,1),
(19,'2013-11-16 14:43:08','N',16000,16800,null,19,1),
(20,'2013-11-16 14:43:08','N',12500,13125,null,20,1),
(21,'2013-11-16 14:43:08','N',16500,17325,null,21,1),
(22,'2013-11-16 14:43:08','N',26000,27300,null,22,1),
(23,'2013-11-16 14:43:08','N',24000,25200,null,23,1),
(24,'2013-11-16 14:43:08','N',31500,33075,null,24,1),
(25,'2013-11-16 14:43:08','N',41500,43575,null,25,1),
(26,'2013-11-16 14:43:08','N',17500,18375,null,26,1),
(27,'2013-11-16 14:43:08','N',28500,29925,null,27,1),
(28,'2013-11-16 00:00:00','N',7000,7350,null,28,1),
(29,'2013-11-16 00:00:00','N',13500,14175,null,29,1),
(30,'2013-11-16 00:00:00','N',6500,6825,null,30,1),
(31,'2013-11-16 00:00:00','N',4300,4515,null,31,1),
(32,'2013-11-16 00:00:00','N',2500,2625,null,32,1),
(33,'2013-11-16 00:00:00','N',2000,2100,null,33,1),
(34,'2013-11-16 00:00:00','N',3500,3675,null,34,1),
(35,'2013-11-16 00:00:00','N',4500,4725,null,35,1),
(36,'2013-11-16 00:00:00','N',2500,2625,null,36,1),
(37,'2013-11-16 00:00:00','N',7000,7350,null,37,1),
(38,'2013-11-16 00:00:00','N',10500,11025,null,38,1),
(39,'2013-11-16 00:00:00','N',3500,3675,null,39,1),
(40,'2013-11-16 00:00:00','N',3000,3150,null,40,1),
(41,'2013-11-16 00:00:00','N',2500,2625,null,41,1),
(42,'2013-11-16 00:00:00','N',4500,4725,null,42,1),
(43,'2013-11-16 00:00:00','N',4000,4200,null,43,1),
(44,'2013-11-16 00:00:00','N',3500,3675,null,44,1),
(45,'2013-11-16 00:00:00','N',6000,6300,null,45,1),
(46,'2013-11-16 00:00:00','N',2000,2100,null,46,1),
(47,'2013-11-16 00:00:00','N',15000,15750,null,47,1),
(48,'2013-11-16 00:00:00','N',12500,13125,null,48,1),
(49,'2013-11-16 00:00:00','N',4300,4515,null,49,1),
(50,'2013-11-16 00:00:00','N',2500,2625,null,50,1),
(51,'2013-11-16 00:00:00','N',2000,2100,null,51,1),
(52,'2013-11-16 00:00:00','N',7000,7350,null,52,1),
(53,'2013-11-16 00:00:00','N',3500,3675,null,53,1),
(54,'2013-11-16 00:00:00','N',10500,11025,null,54,1),
(55,'2013-11-16 00:00:00','N',3500,3675,null,55,1),
(56,'2013-11-16 00:00:00','N',3000,3150,null,56,1),
(57,'2013-11-16 00:00:00','N',2500,2625,null,57,1),
(58,'2013-11-16 00:00:00','N',4500,4725,null,58,1),
(59,'2013-11-16 00:00:00','N',4000,4200,null,59,1),
(60,'2013-11-16 00:00:00','N',3500,3675,null,60,1),
(61,'2013-11-16 00:00:00','N',6000,6300,null,61,1),
(62,'2013-11-16 00:00:00','N',2000,2100,null,62,1),
(63,'2013-11-16 00:00:00','N',4000,4200,null,63,1),
(64,'2013-11-16 00:00:00','N',12500,13125,null,64,1),
(65,'2013-11-16 00:00:00','N',15000,15750,null,65,1),
(66,'2013-11-16 00:00:00','N',4000,4200,null,66,1),
(67,'2013-11-16 00:00:00','N',2200,2310,null,67,1),
(68,'2013-11-16 00:00:00','N',2200,2310,null,68,1),
(69,'2013-11-16 00:00:00','N',3500,3675,null,69,1),
(70,'2013-11-16 00:00:00','N',4000,4200,null,70,1),
(71,'2013-11-16 00:00:00','N',7000,7350,null,71,1),
(72,'2013-11-16 00:00:00','N',4000,4200,null,72,1),
(73,'2013-11-16 00:00:00','N',11000,11550,null,73,1),
(74,'2013-11-16 00:00:00','N',22500,23625,null,1,2),
(75,'2013-11-16 00:00:00','N',16000,16800,null,2,2),
(76,'2013-11-16 00:00:00','N',21500,22575,null,3,2),
(77,'2013-11-16 00:00:00','N',12000,12600,null,4,2),
(78,'2013-11-16 00:00:00','N',15000,15750,null,5,2),
(79,'2013-11-16 00:00:00','N',13000,13650,null,6,2),
(80,'2013-11-16 00:00:00','N',15500,16275,null,7,2),
(81,'2013-11-16 00:00:00','N',15000,15750,null,8,2),
(82,'2013-11-16 00:00:00','N',13000,13650,null,9,2),
(83,'2013-11-16 00:00:00','N',15500,16275,null,10,2),
(84,'2013-11-16 00:00:00','N',15000,15750,null,11,2),
(85,'2013-11-16 00:00:00','N',13000,13650,null,12,2),
(86,'2013-11-16 00:00:00','N',9000,9450,null,13,2),
(87,'2013-11-16 00:00:00','N',9000,9450,null,14,2),
(88,'2013-11-16 00:00:00','N',8000,8400,null,15,2),
(89,'2013-11-16 00:00:00','N',0,0,null,16,2),
(90,'2013-11-16 00:00:00','N',0,0,null,17,2),
(91,'2013-11-16 00:00:00','N',16500,17325,null,18,2),
(92,'2013-11-16 00:00:00','N',14500,15225,null,19,2),
(93,'2013-11-16 00:00:00','N',7500,7875,null,20,2),
(94,'2013-11-16 00:00:00','N',23500,24675,null,21,2),
(95,'2013-11-16 00:00:00','N',19000,19950,null,22,2),
(96,'2013-11-16 00:00:00','N',17500,18375,null,23,2),
(97,'2013-11-16 00:00:00','N',22500,23625,null,24,2),
(98,'2013-11-16 00:00:00','N',30000,31500,null,25,2),
(99,'2013-11-16 00:00:00','N',26000,27300,null,26,2),
(100,'2013-11-16 00:00:00','N',35500,37275,null,27,2),
(101,'2013-11-16 00:00:00','N',44500,46725,null,28,2),
(102,'2013-11-16 00:00:00','N',20500,21525,null,29,2),
(103,'2013-11-16 00:00:00','N',34500,36225,null,30,2),
(104,'2013-11-16 00:00:00','N',9500,9975,null,31,2),
(105,'2013-11-16 00:00:00','N',15500,16275,null,32,2),
(106,'2013-11-16 00:00:00','N',8500,8925,null,33,2),
(107,'2013-11-16 00:00:00','N',0,0,null,34,2),
(108,'2013-11-16 00:00:00','N',0,0,null,35,2),
(109,'2013-11-16 00:00:00','N',0,0,null,36,2),
(110,'2013-11-16 00:00:00','N',0,0,null,37,2),
(111,'2013-11-16 00:00:00','N',0,0,null,38,2),
(112,'2013-11-16 00:00:00','N',0,0,null,39,2),
(113,'2013-11-16 00:00:00','N',0,0,null,40,2),
(114,'2013-11-16 00:00:00','N',0,0,null,41,2),
(115,'2013-11-16 00:00:00','N',0,0,null,42,2),
(116,'2013-11-16 00:00:00','N',0,0,null,43,2),
(117,'2013-11-16 00:00:00','N',0,0,null,44,2),
(118,'2013-11-16 00:00:00','N',8000,8400,null,45,2),
(119,'2013-11-16 00:00:00','N',0,0,null,46,2),
(120,'2013-11-16 00:00:00','N',0,0,null,47,2),
(121,'2013-11-16 00:00:00','N',15000,15750,null,48,2),
(122,'2013-11-16 00:00:00','N',0,0,null,49,2),
(123,'2013-11-16 00:00:00','N',0,0,null,50,2),
(124,'2013-11-16 00:00:00','N',0,0,null,51,2),
(125,'2013-11-16 00:00:00','N',0,0,null,52,2),
(126,'2013-11-16 00:00:00','N',0,0,null,53,2),
(127,'2013-11-16 00:00:00','N',0,0,null,54,2),
(128,'2013-11-16 00:00:00','N',0,0,null,55,2),
(129,'2013-11-16 00:00:00','N',0,0,null,56,2),
(130,'2013-11-16 00:00:00','N',0,0,null,57,2),
(131,'2013-11-16 00:00:00','N',0,0,null,58,2),
(132,'2013-11-16 00:00:00','N',0,0,null,59,2),
(133,'2013-11-16 00:00:00','N',0,0,null,60,2),
(134,'2013-11-16 00:00:00','N',0,0,null,61,2),
(135,'2013-11-16 00:00:00','N',0,0,null,62,2),
(136,'2013-11-16 00:00:00','N',0,0,null,63,2),
(137,'2013-11-16 00:00:00','N',0,0,null,64,2),
(138,'2013-11-16 00:00:00','N',0,0,null,65,2),
(139,'2013-11-16 00:00:00','N',0,0,null,66,2),
(140,'2013-11-16 00:00:00','N',0,0,null,67,2),
(141,'2013-11-16 00:00:00','N',0,0,null,68,2),
(142,'2013-11-16 00:00:00','N',0,0,null,69,2),
(143,'2013-11-16 00:00:00','N',0,0,null,70,2),
(144,'2013-11-16 00:00:00','N',0,0,null,71,2),
(145,'2013-11-16 00:00:00','N',0,0,null,72,2),
(146,'2013-11-16 00:00:00','N',0,0,null,73,2),
(147,'2013-11-16 00:00:00','N',16000,16800,null,1,3),
(148,'2013-11-16 00:00:00','N',11000,11550,null,2,3),
(149,'2013-11-16 00:00:00','N',15500,16275,null,3,3),
(150,'2013-11-16 00:00:00','N',7500,7875,null,4,3),
(151,'2013-11-16 00:00:00','N',8500,8925,null,5,3),
(152,'2013-11-16 00:00:00','N',7000,7350,null,6,3),
(153,'2013-11-16 00:00:00','N',9500,9975,null,7,3),
(154,'2013-11-16 00:00:00','N',8500,8925,null,8,3),
(155,'2013-11-16 00:00:00','N',7000,7350,null,9,3),
(156,'2013-11-16 00:00:00','N',5000,5250,null,10,3),
(157,'2013-11-16 00:00:00','N',6000,6300,null,11,3),
(158,'2013-11-16 00:00:00','N',3050,3203,null,12,3),
(159,'2013-11-16 00:00:00','N',11000,11550,null,13,3),
(160,'2013-11-16 00:00:00','N',2000,2100,null,14,3),
(161,'2013-11-16 00:00:00','N',10500,11025,null,15,3),
(162,'2013-11-16 00:00:00','N',6500,6825,null,16,3),
(163,'2013-11-16 00:00:00','N',4500,4725,null,17,3),
(164,'2013-11-16 00:00:00','N',15500,16275,null,18,3),
(165,'2013-11-16 00:00:00','N',9500,9975,null,19,3),
(166,'2013-11-16 00:00:00','N',9500,9975,null,20,3),
(167,'2013-11-16 00:00:00','N',12500,13125,null,21,3),
(168,'2013-11-16 00:00:00','N',21000,22050,null,22,3),
(169,'2013-11-16 00:00:00','N',19000,19950,null,23,3),
(170,'2013-11-16 00:00:00','N',29500,30975,null,24,3),
(171,'2013-11-16 00:00:00','N',39500,41475,null,25,3),
(172,'2013-11-16 00:00:00','N',12500,13125,null,26,3),
(173,'2013-11-16 00:00:00','N',20500,21525,null,27,3),
(174,'2013-11-16 00:00:00','N',5500,5775,null,28,3),
(175,'2013-11-16 00:00:00','N',6500,6825,null,29,3),
(176,'2013-11-16 00:00:00','N',4000,4200,null,30,3),
(177,'2013-11-16 00:00:00','N',3000,3150,null,31,3),
(178,'2013-11-16 00:00:00','N',2000,2100,null,32,3),
(179,'2013-11-16 00:00:00','N',1500,1575,null,33,3),
(180,'2013-11-16 00:00:00','N',2000,2100,null,34,3),
(181,'2013-11-16 00:00:00','N',3000,3150,null,35,3),
(182,'2013-11-16 00:00:00','N',1500,1575,null,36,3),
(183,'2013-11-16 00:00:00','N',3000,3150,null,37,3),
(184,'2013-11-16 00:00:00','N',9000,9450,null,38,3),
(185,'2013-11-16 00:00:00','N',2500,2625,null,39,3),
(186,'2013-11-16 00:00:00','N',2000,2100,null,40,3),
(187,'2013-11-16 00:00:00','N',1500,1575,null,41,3),
(188,'2013-11-16 00:00:00','N',3500,3675,null,42,3),
(189,'2013-11-16 00:00:00','N',3000,3150,null,43,3),
(190,'2013-11-16 00:00:00','N',2500,2625,null,44,3),
(191,'2013-11-16 00:00:00','N',4000,4200,null,45,3),
(192,'2013-11-16 00:00:00','N',750,788,null,46,3),
(193,'2013-11-16 00:00:00','N',0,0,null,47,3),
(194,'2013-11-16 00:00:00','N',11000,11550,null,48,3),
(195,'2013-11-16 00:00:00','N',0,0,null,49,3),
(196,'2013-11-16 00:00:00','N',0,0,null,50,3),
(197,'2013-11-16 00:00:00','N',0,0,null,51,3),
(198,'2013-11-16 00:00:00','N',0,0,null,52,3),
(199,'2013-11-16 00:00:00','N',0,0,null,53,3),
(200,'2013-11-16 00:00:00','N',9000,9450,null,54,3),
(201,'2013-11-16 00:00:00','N',2500,2625,null,55,3),
(202,'2013-11-16 00:00:00','N',2000,2100,null,56,3),
(203,'2013-11-16 00:00:00','N',1500,1575,null,57,3),
(204,'2013-11-16 00:00:00','N',3500,3675,null,58,3),
(205,'2013-11-16 00:00:00','N',3000,3150,null,59,3),
(206,'2013-11-16 00:00:00','N',2500,2625,null,60,3),
(207,'2013-11-16 00:00:00','N',4000,4200,null,61,3),
(208,'2013-11-16 00:00:00','N',750,788,null,62,3),
(209,'2013-11-16 00:00:00','N',3000,3150,null,63,3),
(210,'2013-11-16 00:00:00','N',11000,11550,null,64,3),
(211,'2013-11-16 00:00:00','N',0,0,null,65,3),
(212,'2013-11-16 00:00:00','N',3500,3675,null,66,3),
(213,'2013-11-16 00:00:00','N',1500,1575,null,67,3),
(214,'2013-11-16 00:00:00','N',1500,1575,null,68,3),
(215,'2013-11-16 00:00:00','N',2500,2625,null,69,3),
(216,'2013-11-16 00:00:00','N',3500,3675,null,70,3),
(217,'2013-11-16 00:00:00','N',5500,5775,null,71,3),
(218,'2013-11-16 00:00:00','N',3500,3675,null,72,3),
(219,'2013-11-16 00:00:00','N',0,0,null,73,3);

INSERT INTO `laundry`.`hibernate_sequences`
(`sequence_name`,`sequence_next_hi_value`)
VALUES
('Pelanggan',2),
('ItemPakaian',2),
('work',2),
('kategori',2),
('jeniswork',2);

INSERT INTO `laundry`.`pelanggan`
(`id`,`alamat`,`corporate`,`createdDate`,`deleted`,`modifiedDate`,`nama`,`nomorTelepon`)
VALUES
(1,'Jl. Imam Bonjol',False,'2013-11-16 00:00:00','N',null,'Steven',null),
(2,'Jl. Setia Budi',False,'2013-11-16 00:00:00','N',null,'David',null),
(3,'Jl. Siantan',False,'2013-11-16 00:00:00','N',null,'Bram',null),
(4,'Jl. Sungai Raya Dalam',False,'2013-11-16 00:00:00','N',null,'Edi Yi Wei',null),
(5,'Jl. Purnama',False,'2013-11-16 00:00:00','N',null,'Sandi Kosasi',null),
(6,'Jl. Pahlawan',False,'2013-11-16 00:00:00','N',null,'Furry Bon',null),
(7,'Jl. Tenaga Baru',False,'2013-11-16 00:00:00','N',null,'Beck Seith',null),
(8,'Jl. Merdeka',True,'2013-11-16 00:00:00','N',null,'PT. ABC',null),
(9,'Jl. Teuku Umar',True,'2013-11-16 00:00:00','N',null,'PT. SMIK',null);