INSERT INTO `laundry`.`jeniswork` (`id`,`createdDate`,`deleted`,`keterangan`,`modifiedDate`,`nama`)
VALUES
(1,'2013-11-16 14:41:29','N','Laundry',null,'Laundry'),
(2,'2013-11-16 14:41:33','N','Dry Cleaning',null,'Dry Cleaning'),
(3,'2013-11-16 14:41:37','N','Pressing',null,'Pressing');

INSERT INTO `laundry`.`kategori`
(`id`,`createdDate`,`deleted`,`keterangan`,`modifiedDate`,`nama`)
VALUES
(1,'2013-11-16 14:41:47','N','Gentlement',null,'Gentlement'),
(2,'2013-11-16 14:41:50','N','Ladies',null,'Ladies'),
(3,'2013-11-16 14:41:55','N','Children',null,'Children'),
(4, '2014-01-04 15:58:31', 'N', 'Bahan Cloth / Linen', null, 'Linen Cloth'),
(5, '2014-01-04 15:58:41', 'N', 'Bahan F & B Linen', null, 'F & B Linen');

INSERT INTO `itempakaian` (`id`,`createdDate`,`deleted`,`modifiedDate`,`nama`,`kategori_id`) VALUES
 (1,'2013-11-16 14:42:08','N',NULL,'Setelan jas / Two - piece Suit',1),
 (2,'2013-11-16 14:42:13','N',NULL,'Jas / Jacket / Coat',1),
 (3,'2013-11-16 14:42:18','N',NULL,'Jas Panjang / Long Coat',1),
 (4,'2013-11-16 00:00:00','N',NULL,'Rompi (Vest)',1),
 (5,'2013-11-16 00:00:00','N',NULL,'Celana Panjang (Trouser)',1),
 (6,'2013-11-16 00:00:00','N',NULL,'Celana Pendek (Short)',1),
 (7,'2013-11-16 00:00:00','N',NULL,'Kemeja Lengan Panjang (Shirt Long Sleeve)',1),
 (8,'2013-11-16 00:00:00','N',NULL,'Kemeja Lengan Pendek (Shirt Short Sleeve)',1),
 (9,'2013-11-16 00:00:00','N',NULL,'Kaos (T Shirt)',1),
 (10,'2013-11-16 00:00:00','N',NULL,'Kaos Dalam (Under Shirt)',1),
 (11,'2013-11-16 00:00:00','N',NULL,'Celana Dalam (Under Short)',1),
 (12,'2013-11-16 00:00:00','N',NULL,'Kaos Kaki (Socks)',1),
 (13,'2013-11-16 00:00:00','N',NULL,'Cook Jacket',1),
 (14,'2013-11-16 00:00:00','N',NULL,'Apron',1),
 (15,'2013-11-16 00:00:00','N',NULL,'Baju Tidur (Pyjamas)',1),
 (16,'2013-11-16 00:00:00','N',NULL,'Dasi (Necktie)',1),
 (17,'2013-11-16 00:00:00','N',NULL,'Sapu Tangan (Handkerchief)',1),
 (18,'2013-11-16 00:00:00','N',NULL,'Jas (Jacket) / Blazer',2),
 (19,'2013-11-16 00:00:00','N',NULL,'Blus (Blouse)',2),
 (20,'2013-11-16 00:00:00','N',NULL,'Rok Pendek (Skirt)',2),
 (21,'2013-11-16 00:00:00','N',NULL,'Rok Panjang (Long Skirt)',2),
 (22,'2013-11-16 00:00:00','N',NULL,'Gaun Panjang (Long Dress)',2),
 (23,'2013-11-16 00:00:00','N',NULL,'Gaun Pendek (Short Dress)',2),
 (24,'2013-11-16 00:00:00','N',NULL,'Gaun Berpayet Pendek (Sequired Short Dress)',2),
 (25,'2013-11-16 00:00:00','N',NULL,'Gaun Berpayet Panjang (Sequired Long Dress)',2),
 (26,'2013-11-16 00:00:00','N',NULL,'Baju Kebaya',2),
 (27,'2013-11-16 00:00:00','N',NULL,'Stelan Kebaya',2),
 (28,'2013-11-16 00:00:00','N',NULL,'Sarung (Sarong)',2),
 (29,'2013-11-16 00:00:00','N',NULL,'Sajadah / Mukenah',2),
 (30,'2013-11-16 00:00:00','N',NULL,'Selendang (Scarf) / Kerudung',2),
 (31,'2013-11-16 00:00:00','N',NULL,'Handuk Besar (Bath Towel)',3),
 (32,'2013-11-16 00:00:00','N',NULL,'Handuk Sedang (Hand Towel)',3),
 (33,'2013-11-16 00:00:00','N',NULL,'Handuk Kecil (Face Towel)',3),
 (34,'2013-11-16 00:00:00','N',NULL,'Bath Mat',3),
 (35,'2013-11-16 00:00:00','N',NULL,'Therapy Towel',3),
 (36,'2013-11-16 00:00:00','N',NULL,'Reflexology Towel',3),
 (37,'2013-11-16 00:00:00','N',NULL,'Pool Towel',3),
 (38,'2013-11-16 00:00:00','N',NULL,'Bathrobe',3),
 (39,'2013-11-16 00:00:00','N',NULL,'Seprei (Bad Sheet) King',3),
 (40,'2013-11-16 00:00:00','N',NULL,'Seprei (Bad Sheet) Queen',3),
 (41,'2013-11-16 00:00:00','N',NULL,'Seprei (Bad Sheet) Twin',3),
 (42,'2013-11-16 00:00:00','N',NULL,'Duvet Cover King',3),
 (43,'2013-11-16 00:00:00','N',NULL,'Duvet Cover Queen',3),
 (44,'2013-11-16 00:00:00','N',NULL,'Duvet Cover Twin',3),
 (45,'2013-11-16 00:00:00','N',NULL,'Selimut (Blanket) / Inner Duvet / Bed Pad',3),
 (46,'2013-11-16 00:00:00','N',NULL,'Sarung Bantal (Pillow Case)',3),
 (47,'2013-11-16 00:00:00','N',NULL,'Mattress Protector',3),
 (48,'2013-11-16 00:00:00','N',NULL,'Gorden (Curtain)',3),
 (49,'2013-11-16 00:00:00','N',NULL,'Bath Towel',4),
 (50,'2013-11-16 00:00:00','N',NULL,'Hand Towel',4),
 (51,'2013-11-16 00:00:00','N',NULL,'Face Towel',4),
 (52,'2013-11-16 00:00:00','N',NULL,'Pool Towel',4),
 (53,'2013-11-16 00:00:00','N',NULL,'Bath Mat',4),
 (54,'2013-11-16 00:00:00','N',NULL,'Bathrobe / Kimono',4),
 (55,'2013-11-16 00:00:00','N',NULL,'Bed Sheet King',4),
 (56,'2013-11-16 00:00:00','N',NULL,'Bed Sheet Queen',4),
 (57,'2013-11-16 00:00:00','N',NULL,'Bed Sheet Twin',4),
 (58,'2013-11-16 00:00:00','N',NULL,'Duvet Cover King',4),
 (59,'2013-11-16 00:00:00','N',NULL,'Duvet Cover Queen',4),
 (60,'2013-11-16 00:00:00','N',NULL,'Duvet Cover Twin',4),
 (61,'2013-11-16 00:00:00','N',NULL,'Blanket / Inner Duvet',4),
 (62,'2013-11-16 00:00:00','N',NULL,'Pillowcase / Bolstercase',4),
 (63,'2013-11-16 00:00:00','N',NULL,'Skirting',4),
 (64,'2013-11-16 00:00:00','N',NULL,'Curtain',4),
 (65,'2013-11-16 00:00:00','N',NULL,'Mattress',4),
 (66,'2013-11-16 00:00:00','N',NULL,'Table Cloth',5),
 (67,'2013-11-16 00:00:00','N',NULL,'Napkin',5),
 (68,'2013-11-16 00:00:00','N',NULL,'Place Mat',5),
 (69,'2013-11-16 00:00:00','N',NULL,'Cover Chair',5),
 (70,'2013-11-16 00:00:00','N',NULL,'Overlay',5),
 (71,'2013-11-16 00:00:00','N',NULL,'Kain Satin',5),
 (72,'2013-11-16 00:00:00','N',NULL,'Valvet / Runner',5),
 (73,'2013-11-16 00:00:00','N',NULL,'Short / Celana Pendek Spa',5),
 (65536,'2014-01-17 16:20:42','N',NULL,'Topi Sinterklas',5);

INSERT INTO `work` (`id`,`createdDate`,`deleted`,`hargaCorporate`,`hargaOutsider`,`modifiedDate`,`itemPakaian_id`,`jenisWork_id`) VALUES
 (1,'2013-11-16 14:43:08','N','0.00','0.00',NULL,1,1),
 (2,'2013-11-16 14:43:08','N','0.00','0.00',NULL,2,1),
 (3,'2013-11-16 14:43:08','N','20500.00','21525.00',NULL,3,1),
 (4,'2013-11-16 14:43:08','N','11000.00','11550.00',NULL,4,1),
 (5,'2013-11-16 14:43:08','N','12000.00','12600.00',NULL,5,1),
 (6,'2013-11-16 14:43:08','N','11000.00','11550.00',NULL,6,1),
 (7,'2013-11-16 14:43:08','N','11750.00','12338.00',NULL,7,1),
 (8,'2013-11-16 14:43:08','N','11500.00','12075.00',NULL,8,1),
 (9,'2013-11-16 14:43:08','N','11500.00','12075.00',NULL,9,1),
 (10,'2013-11-16 14:43:08','N','7500.00','7875.00',NULL,10,1),
 (11,'2013-11-16 14:43:08','N','7500.00','7875.00',NULL,11,1),
 (12,'2013-11-16 14:43:08','N','6000.00','6300.00',NULL,12,1),
 (13,'2013-11-16 14:43:08','N','16000.00','16800.00',NULL,13,1),
 (14,'2013-11-16 14:43:08','N','2500.00','2625.00',NULL,14,1),
 (15,'2013-11-16 14:43:08','N','15000.00','15750.00',NULL,15,1),
 (16,'2013-11-16 14:43:08','N','12500.00','13125.00',NULL,16,1),
 (17,'2013-11-16 14:43:08','N','5500.00','5775.00',NULL,17,1),
 (18,'2013-11-16 14:43:08','N','20500.00','21525.00',NULL,18,1),
 (19,'2013-11-16 14:43:08','N','16000.00','16800.00',NULL,19,1),
 (20,'2013-11-16 14:43:08','N','12500.00','13125.00',NULL,20,1),
 (21,'2013-11-16 14:43:08','N','16500.00','17325.00',NULL,21,1),
 (22,'2013-11-16 14:43:08','N','26000.00','27300.00',NULL,22,1),
 (23,'2013-11-16 14:43:08','N','24000.00','25200.00',NULL,23,1),
 (24,'2013-11-16 14:43:08','N','31500.00','33075.00',NULL,24,1),
 (25,'2013-11-16 14:43:08','N','41500.00','43575.00',NULL,25,1),
 (26,'2013-11-16 14:43:08','N','17500.00','18375.00',NULL,26,1),
 (27,'2013-11-16 14:43:08','N','28500.00','29925.00',NULL,27,1),
 (28,'2013-11-16 00:00:00','N','7000.00','7350.00',NULL,28,1),
 (29,'2013-11-16 00:00:00','N','13500.00','14175.00',NULL,29,1),
 (30,'2013-11-16 00:00:00','N','6500.00','6825.00',NULL,30,1),
 (31,'2013-11-16 00:00:00','N','4300.00','4515.00',NULL,31,1),
 (32,'2013-11-16 00:00:00','N','2500.00','2625.00',NULL,32,1),
 (33,'2013-11-16 00:00:00','N','2000.00','2100.00',NULL,33,1),
 (34,'2013-11-16 00:00:00','N','3500.00','3675.00',NULL,34,1),
 (35,'2013-11-16 00:00:00','N','4500.00','4725.00',NULL,35,1),
 (36,'2013-11-16 00:00:00','N','2500.00','2625.00',NULL,36,1),
 (37,'2013-11-16 00:00:00','N','7000.00','7350.00',NULL,37,1),
 (38,'2013-11-16 00:00:00','N','10500.00','11025.00',NULL,38,1),
 (39,'2013-11-16 00:00:00','N','3500.00','3675.00',NULL,39,1),
 (40,'2013-11-16 00:00:00','N','3000.00','3150.00',NULL,40,1),
 (41,'2013-11-16 00:00:00','N','2500.00','2625.00',NULL,41,1),
 (42,'2013-11-16 00:00:00','N','4500.00','4725.00',NULL,42,1),
 (43,'2013-11-16 00:00:00','N','4000.00','4200.00',NULL,43,1),
 (44,'2013-11-16 00:00:00','N','3500.00','3675.00',NULL,44,1),
 (45,'2013-11-16 00:00:00','N','6000.00','6300.00',NULL,45,1),
 (46,'2013-11-16 00:00:00','N','2000.00','2100.00',NULL,46,1),
 (47,'2013-11-16 00:00:00','N','15000.00','15750.00',NULL,47,1),
 (48,'2013-11-16 00:00:00','N','12500.00','13125.00',NULL,48,1),
 (49,'2013-11-16 00:00:00','N','4300.00','4515.00',NULL,49,1),
 (50,'2013-11-16 00:00:00','N','2500.00','2625.00',NULL,50,1),
 (51,'2013-11-16 00:00:00','N','2000.00','2100.00',NULL,51,1),
 (52,'2013-11-16 00:00:00','N','7000.00','7350.00',NULL,52,1),
 (53,'2013-11-16 00:00:00','N','3500.00','3675.00',NULL,53,1),
 (54,'2013-11-16 00:00:00','N','10500.00','11025.00',NULL,54,1),
 (55,'2013-11-16 00:00:00','N','3500.00','3675.00',NULL,55,1),
 (56,'2013-11-16 00:00:00','N','3000.00','3150.00',NULL,56,1),
 (57,'2013-11-16 00:00:00','N','2500.00','2625.00',NULL,57,1),
 (58,'2013-11-16 00:00:00','N','4500.00','4725.00',NULL,58,1),
 (59,'2013-11-16 00:00:00','N','4000.00','4200.00',NULL,59,1),
 (60,'2013-11-16 00:00:00','N','3500.00','3675.00',NULL,60,1),
 (61,'2013-11-16 00:00:00','N','6000.00','6300.00',NULL,61,1),
 (62,'2013-11-16 00:00:00','N','2000.00','2100.00',NULL,62,1),
 (63,'2013-11-16 00:00:00','N','4000.00','4200.00',NULL,63,1),
 (64,'2013-11-16 00:00:00','N','12500.00','13125.00',NULL,64,1),
 (65,'2013-11-16 00:00:00','N','15000.00','15750.00',NULL,65,1),
 (66,'2013-11-16 00:00:00','N','4000.00','4200.00',NULL,66,1),
 (67,'2013-11-16 00:00:00','N','2200.00','2310.00',NULL,67,1),
 (68,'2013-11-16 00:00:00','N','2200.00','2310.00',NULL,68,1),
 (69,'2013-11-16 00:00:00','N','3500.00','3675.00',NULL,69,1),
 (70,'2013-11-16 00:00:00','N','4000.00','4200.00',NULL,70,1),
 (71,'2013-11-16 00:00:00','N','7000.00','7350.00',NULL,71,1),
 (72,'2013-11-16 00:00:00','N','4000.00','4200.00',NULL,72,1),
 (73,'2013-11-16 00:00:00','N','11000.00','11550.00',NULL,73,1),
 (74,'2013-11-16 00:00:00','N','22500.00','23625.00',NULL,1,2),
 (75,'2013-11-16 00:00:00','N','16000.00','16800.00',NULL,2,2),
 (76,'2013-11-16 00:00:00','N','21500.00','22575.00',NULL,3,2),
 (77,'2013-11-16 00:00:00','N','12000.00','12600.00',NULL,4,2),
 (78,'2013-11-16 00:00:00','N','15000.00','15750.00',NULL,5,2),
 (79,'2013-11-16 00:00:00','N','13000.00','13650.00',NULL,6,2),
 (80,'2013-11-16 00:00:00','N','15500.00','16275.00',NULL,7,2),
 (81,'2013-11-16 00:00:00','N','15000.00','15750.00',NULL,8,2),
 (82,'2013-11-16 00:00:00','N','13000.00','13650.00',NULL,9,2),
 (83,'2013-11-16 00:00:00','N','15500.00','16275.00',NULL,10,2),
 (84,'2013-11-16 00:00:00','N','15000.00','15750.00',NULL,11,2),
 (85,'2013-11-16 00:00:00','N','13000.00','13650.00',NULL,12,2),
 (86,'2013-11-16 00:00:00','N','9000.00','9450.00',NULL,13,2),
 (87,'2013-11-16 00:00:00','N','9000.00','9450.00',NULL,14,2),
 (88,'2013-11-16 00:00:00','N','8000.00','8400.00',NULL,15,2),
 (89,'2013-11-16 00:00:00','N','0.00','0.00',NULL,16,2),
 (90,'2013-11-16 00:00:00','N','0.00','0.00',NULL,17,2),
 (91,'2013-11-16 00:00:00','N','16500.00','17325.00',NULL,18,2),
 (92,'2013-11-16 00:00:00','N','14500.00','15225.00',NULL,19,2),
 (93,'2013-11-16 00:00:00','N','7500.00','7875.00',NULL,20,2),
 (94,'2013-11-16 00:00:00','N','23500.00','24675.00',NULL,21,2),
 (95,'2013-11-16 00:00:00','N','19000.00','19950.00',NULL,22,2),
 (96,'2013-11-16 00:00:00','N','17500.00','18375.00',NULL,23,2),
 (97,'2013-11-16 00:00:00','N','22500.00','23625.00',NULL,24,2),
 (98,'2013-11-16 00:00:00','N','30000.00','31500.00',NULL,25,2),
 (99,'2013-11-16 00:00:00','N','26000.00','27300.00',NULL,26,2),
 (100,'2013-11-16 00:00:00','N','35500.00','37275.00',NULL,27,2),
 (101,'2013-11-16 00:00:00','N','44500.00','46725.00',NULL,28,2),
 (102,'2013-11-16 00:00:00','N','20500.00','21525.00',NULL,29,2),
 (103,'2013-11-16 00:00:00','N','34500.00','36225.00',NULL,30,2),
 (104,'2013-11-16 00:00:00','N','9500.00','9975.00',NULL,31,2),
 (105,'2013-11-16 00:00:00','N','15500.00','16275.00',NULL,32,2),
 (106,'2013-11-16 00:00:00','N','8500.00','8925.00',NULL,33,2),
 (107,'2013-11-16 00:00:00','N','0.00','0.00',NULL,34,2),
 (108,'2013-11-16 00:00:00','N','0.00','0.00',NULL,35,2),
 (109,'2013-11-16 00:00:00','N','0.00','0.00',NULL,36,2),
 (110,'2013-11-16 00:00:00','N','0.00','0.00',NULL,37,2),
 (111,'2013-11-16 00:00:00','N','0.00','0.00',NULL,38,2),
 (112,'2013-11-16 00:00:00','N','0.00','0.00',NULL,39,2),
 (113,'2013-11-16 00:00:00','N','0.00','0.00',NULL,40,2),
 (114,'2013-11-16 00:00:00','N','0.00','0.00',NULL,41,2),
 (115,'2013-11-16 00:00:00','N','0.00','0.00',NULL,42,2),
 (116,'2013-11-16 00:00:00','N','0.00','0.00',NULL,43,2),
 (117,'2013-11-16 00:00:00','N','0.00','0.00',NULL,44,2),
 (118,'2013-11-16 00:00:00','N','8000.00','8400.00',NULL,45,2),
 (119,'2013-11-16 00:00:00','N','0.00','0.00',NULL,46,2),
 (120,'2013-11-16 00:00:00','N','0.00','0.00',NULL,47,2),
 (121,'2013-11-16 00:00:00','N','15000.00','15750.00',NULL,48,2),
 (122,'2013-11-16 00:00:00','N','0.00','0.00',NULL,49,2),
 (123,'2013-11-16 00:00:00','N','0.00','0.00',NULL,50,2),
 (124,'2013-11-16 00:00:00','N','0.00','0.00',NULL,51,2),
 (125,'2013-11-16 00:00:00','N','0.00','0.00',NULL,52,2),
 (126,'2013-11-16 00:00:00','N','0.00','0.00',NULL,53,2),
 (127,'2013-11-16 00:00:00','N','0.00','0.00',NULL,54,2),
 (128,'2013-11-16 00:00:00','N','0.00','0.00',NULL,55,2),
 (129,'2013-11-16 00:00:00','N','0.00','0.00',NULL,56,2),
 (130,'2013-11-16 00:00:00','N','0.00','0.00',NULL,57,2),
 (131,'2013-11-16 00:00:00','N','0.00','0.00',NULL,58,2),
 (132,'2013-11-16 00:00:00','N','0.00','0.00',NULL,59,2),
 (133,'2013-11-16 00:00:00','N','0.00','0.00',NULL,60,2),
 (134,'2013-11-16 00:00:00','N','0.00','0.00',NULL,61,2),
 (135,'2013-11-16 00:00:00','N','0.00','0.00',NULL,62,2),
 (136,'2013-11-16 00:00:00','N','0.00','0.00',NULL,63,2),
 (137,'2013-11-16 00:00:00','N','0.00','0.00',NULL,64,2),
 (138,'2013-11-16 00:00:00','N','0.00','0.00',NULL,65,2),
 (139,'2013-11-16 00:00:00','N','0.00','0.00',NULL,66,2),
 (140,'2013-11-16 00:00:00','N','0.00','0.00',NULL,67,2),
 (141,'2013-11-16 00:00:00','N','0.00','0.00',NULL,68,2),
 (142,'2013-11-16 00:00:00','N','0.00','0.00',NULL,69,2),
 (143,'2013-11-16 00:00:00','N','0.00','0.00',NULL,70,2),
 (144,'2013-11-16 00:00:00','N','0.00','0.00',NULL,71,2),
 (145,'2013-11-16 00:00:00','N','0.00','0.00',NULL,72,2),
 (146,'2013-11-16 00:00:00','N','0.00','0.00',NULL,73,2),
 (147,'2013-11-16 00:00:00','N','16000.00','16800.00',NULL,1,3),
 (148,'2013-11-16 00:00:00','N','11000.00','11550.00',NULL,2,3),
 (149,'2013-11-16 00:00:00','N','15500.00','16275.00',NULL,3,3),
 (150,'2013-11-16 00:00:00','N','7500.00','7875.00',NULL,4,3),
 (151,'2013-11-16 00:00:00','N','8500.00','8925.00',NULL,5,3),
 (152,'2013-11-16 00:00:00','N','7000.00','7350.00',NULL,6,3),
 (153,'2013-11-16 00:00:00','N','9500.00','9975.00',NULL,7,3),
 (154,'2013-11-16 00:00:00','N','8500.00','8925.00',NULL,8,3),
 (155,'2013-11-16 00:00:00','N','7000.00','7350.00',NULL,9,3),
 (156,'2013-11-16 00:00:00','N','5000.00','5250.00',NULL,10,3),
 (157,'2013-11-16 00:00:00','N','6000.00','6300.00',NULL,11,3),
 (158,'2013-11-16 00:00:00','N','3050.00','3203.00',NULL,12,3),
 (159,'2013-11-16 00:00:00','N','11000.00','11550.00',NULL,13,3),
 (160,'2013-11-16 00:00:00','N','2000.00','2100.00',NULL,14,3),
 (161,'2013-11-16 00:00:00','N','10500.00','11025.00',NULL,15,3),
 (162,'2013-11-16 00:00:00','N','6500.00','6825.00',NULL,16,3),
 (163,'2013-11-16 00:00:00','N','4500.00','4725.00',NULL,17,3),
 (164,'2013-11-16 00:00:00','N','15500.00','16275.00',NULL,18,3),
 (165,'2013-11-16 00:00:00','N','9500.00','9975.00',NULL,19,3),
 (166,'2013-11-16 00:00:00','N','9500.00','9975.00',NULL,20,3),
 (167,'2013-11-16 00:00:00','N','12500.00','13125.00',NULL,21,3),
 (168,'2013-11-16 00:00:00','N','21000.00','22050.00',NULL,22,3),
 (169,'2013-11-16 00:00:00','N','19000.00','19950.00',NULL,23,3),
 (170,'2013-11-16 00:00:00','N','29500.00','30975.00',NULL,24,3),
 (171,'2013-11-16 00:00:00','N','39500.00','41475.00',NULL,25,3),
 (172,'2013-11-16 00:00:00','N','12500.00','13125.00',NULL,26,3),
 (173,'2013-11-16 00:00:00','N','20500.00','21525.00',NULL,27,3),
 (174,'2013-11-16 00:00:00','N','5500.00','5775.00',NULL,28,3),
 (175,'2013-11-16 00:00:00','N','6500.00','6825.00',NULL,29,3),
 (176,'2013-11-16 00:00:00','N','4000.00','4200.00',NULL,30,3),
 (177,'2013-11-16 00:00:00','N','3000.00','3150.00',NULL,31,3),
 (178,'2013-11-16 00:00:00','N','2000.00','2100.00',NULL,32,3),
 (179,'2013-11-16 00:00:00','N','1500.00','1575.00',NULL,33,3),
 (180,'2013-11-16 00:00:00','N','2000.00','2100.00',NULL,34,3),
 (181,'2013-11-16 00:00:00','N','3000.00','3150.00',NULL,35,3),
 (182,'2013-11-16 00:00:00','N','1500.00','1575.00',NULL,36,3),
 (183,'2013-11-16 00:00:00','N','3000.00','3150.00',NULL,37,3),
 (184,'2013-11-16 00:00:00','N','9000.00','9450.00',NULL,38,3),
 (185,'2013-11-16 00:00:00','N','2500.00','2625.00',NULL,39,3),
 (186,'2013-11-16 00:00:00','N','2000.00','2100.00',NULL,40,3),
 (187,'2013-11-16 00:00:00','N','1500.00','1575.00',NULL,41,3),
 (188,'2013-11-16 00:00:00','N','3500.00','3675.00',NULL,42,3),
 (189,'2013-11-16 00:00:00','N','3000.00','3150.00',NULL,43,3),
 (190,'2013-11-16 00:00:00','N','2500.00','2625.00',NULL,44,3),
 (191,'2013-11-16 00:00:00','N','4000.00','4200.00',NULL,45,3),
 (192,'2013-11-16 00:00:00','N','750.00','788.00',NULL,46,3),
 (193,'2013-11-16 00:00:00','N','0.00','0.00',NULL,47,3),
 (194,'2013-11-16 00:00:00','N','11000.00','11550.00',NULL,48,3),
 (195,'2013-11-16 00:00:00','N','0.00','0.00',NULL,49,3),
 (196,'2013-11-16 00:00:00','N','0.00','0.00',NULL,50,3),
 (197,'2013-11-16 00:00:00','N','0.00','0.00',NULL,51,3),
 (198,'2013-11-16 00:00:00','N','0.00','0.00',NULL,52,3),
 (199,'2013-11-16 00:00:00','N','0.00','0.00',NULL,53,3),
 (200,'2013-11-16 00:00:00','N','9000.00','9450.00',NULL,54,3),
 (201,'2013-11-16 00:00:00','N','2500.00','2625.00',NULL,55,3),
 (202,'2013-11-16 00:00:00','N','2000.00','2100.00',NULL,56,3),
 (203,'2013-11-16 00:00:00','N','1500.00','1575.00',NULL,57,3),
 (204,'2013-11-16 00:00:00','N','3500.00','3675.00',NULL,58,3),
 (205,'2013-11-16 00:00:00','N','3000.00','3150.00',NULL,59,3),
 (206,'2013-11-16 00:00:00','N','2500.00','2625.00',NULL,60,3),
 (207,'2013-11-16 00:00:00','N','4000.00','4200.00',NULL,61,3),
 (208,'2013-11-16 00:00:00','N','750.00','788.00',NULL,62,3),
 (209,'2013-11-16 00:00:00','N','3000.00','3150.00',NULL,63,3),
 (210,'2013-11-16 00:00:00','N','11000.00','11550.00',NULL,64,3),
 (211,'2013-11-16 00:00:00','N','0.00','0.00',NULL,65,3),
 (212,'2013-11-16 00:00:00','N','3500.00','3675.00',NULL,66,3),
 (213,'2013-11-16 00:00:00','N','1500.00','1575.00',NULL,67,3),
 (214,'2013-11-16 00:00:00','N','1500.00','1575.00',NULL,68,3),
 (215,'2013-11-16 00:00:00','N','2500.00','2625.00',NULL,69,3),
 (216,'2013-11-16 00:00:00','N','3500.00','3675.00',NULL,70,3),
 (217,'2013-11-16 00:00:00','N','5500.00','5775.00',NULL,71,3),
 (218,'2013-11-16 00:00:00','N','3500.00','3675.00',NULL,72,3),
 (219,'2013-11-16 00:00:00','N','0.00','0.00',NULL,73,3),
 (65536,'2014-01-17 16:20:48','N','0.00','0.00',NULL,65536,2),
 (65537,'2014-01-17 16:20:48','N','6500.00','6500.00','2014-01-17 16:21:23',65536,1),
 (65538,'2014-01-17 16:20:48','N','0.00','0.00',NULL,65536,3);

INSERT INTO `hibernate_sequences` (`sequence_name`,`sequence_next_hi_value`) VALUES
 ('Pelanggan',3),
 ('ItemPakaian',3),
 ('work',3),
 ('kategori',2),
 ('jeniswork',2),
 ('WorkOrder',1),
 ('Pembayaran',1),
 ('EventPekerjaan',1),
 ('ItemWorkOrder',1);

INSERT INTO `pelanggan` (`id`,`alamat`,`corporate`,`createdDate`,`deleted`,`modifiedDate`,`nama`,`nomorTelepon`) VALUES
 (1,'Jl. Imam Bonjol',0,'2013-11-16 00:00:00','N',NULL,'Steven',NULL),
 (2,'Jl. Setia Budi',0,'2013-11-16 00:00:00','N',NULL,'David',NULL),
 (3,'Jl. Siantan',0,'2013-11-16 00:00:00','N',NULL,'Bram',NULL),
 (4,'Jl. Sungai Raya Dalam',0,'2013-11-16 00:00:00','N',NULL,'Edi Yi Wei',NULL),
 (5,'Jl. Purnama',0,'2013-11-16 00:00:00','N',NULL,'Sandi Kosasi',NULL),
 (6,'Jl. Pahlawan',0,'2013-11-16 00:00:00','N',NULL,'Furry Bon',NULL),
 (7,'Jl. Tenaga Baru',0,'2013-11-16 00:00:00','N',NULL,'Beck Seith',NULL),
 (8,'Jl. Merdeka',1,'2013-11-16 00:00:00','N',NULL,'PT. ABC',NULL),
 (9,'Jl. Teuku Umar',1,'2013-11-16 00:00:00','N',NULL,'PT. SMIK',NULL),
 (65536,NULL,1,'2014-01-17 16:04:43','N',NULL,'Transera',NULL),
 (65537,NULL,1,'2014-01-17 16:15:43','N',NULL,'T3',NULL),
 (65538,NULL,1,'2014-01-17 16:19:48','N',NULL,'Hotel T3',NULL);

 INSERT INTO `pembayaran` (`DTYPE`,`id`,`createdDate`,`deleted`,`keterangan`,`modifiedDate`,`tagihan`,`tanggal`,`jumlahBayarDimuka`,`tanggalPelunasan`,`nomorKartu`) VALUES
  ('PembayaranSignedBill',1,'2014-01-17 16:15:04','N','',NULL,'531000.00','2014-01-17','0.00',NULL,NULL),
  ('PembayaranCash',2,'2014-01-17 16:19:03','N','',NULL,'380250.00','2014-01-17',NULL,NULL,NULL),
  ('PembayaranKartuDebit',3,'2014-01-17 16:22:01','N','',NULL,'97500.00','2014-01-17',NULL,NULL,'123'),
  ('PembayaranKartuKredit',4,'2014-01-17 16:25:52','N',NULL,NULL,'303000.00','2014-01-17',NULL,NULL,'456'),
  ('PembayaranCompliant',5,'2014-01-17 16:28:40','N',NULL,NULL,'458000.00','2014-01-17',NULL,NULL,NULL),
  ('PembayaranCash',6,'2014-01-17 16:32:33','N',NULL,NULL,'570000.00','2014-01-17',NULL,NULL,NULL),
  ('PembayaranSignedBill',7,'2014-01-17 16:34:28','N',NULL,NULL,'381250.00','2014-01-17','0.00',NULL,NULL),
  ('PembayaranCash',8,'2014-01-17 16:36:34','N',NULL,NULL,'440750.00','2014-01-17',NULL,NULL,NULL),
  ('PembayaranCash',9,'2014-01-17 16:43:41','N','',NULL,'326750.00','2014-01-17',NULL,NULL,NULL);

INSERT INTO `workorder` (`id`,`createdDate`,`deleted`,`nominal`,`pilihanPersen`,`estimasiSelesai`,`express`,`jumlahDiskon`,`keterangan`,`modifiedDate`,`namaPenerima`,`nomor`,`statusTerakhir`,`tanggal`,`total`,`pelanggan_id`,`pembayaran_id`) VALUES
  (1,'2014-01-17 16:15:04','N',NULL,NULL,NULL,0,'0.00',NULL,NULL,NULL,'W2014-000001',0,'2014-01-17','531000.00',65536,1),
  (2,'2014-01-17 16:19:03','N',NULL,NULL,NULL,0,'0.00',NULL,NULL,NULL,'W2014-000002',0,'2014-01-17','380250.00',65537,2),
  (3,'2014-01-17 16:22:01','N',NULL,NULL,NULL,0,'0.00',NULL,NULL,NULL,'W2014-000003',0,'2014-01-17','97500.00',65538,3),
  (4,'2014-01-17 16:25:52','N',NULL,NULL,NULL,0,'0.00',NULL,NULL,NULL,'W2014-000004',0,'2014-01-17','303000.00',65536,4),
  (5,'2014-01-17 16:28:40','N',NULL,NULL,NULL,0,'0.00',NULL,NULL,NULL,'W2014-000005',0,'2014-01-17','458000.00',65537,5),
  (6,'2014-01-17 16:32:33','N',NULL,NULL,NULL,0,'0.00',NULL,NULL,NULL,'W2014-000006',0,'2014-01-17','570000.00',65537,6),
  (7,'2014-01-17 16:34:28','N',NULL,NULL,NULL,0,'0.00',NULL,NULL,NULL,'W2014-000007',0,'2014-01-17','381250.00',65537,7),
  (8,'2014-01-17 16:36:34','N',NULL,NULL,NULL,0,'0.00',NULL,NULL,NULL,'W2014-000008',0,'2014-01-17','440750.00',65537,8),
  (9,'2014-01-17 16:43:41','N',NULL,NULL,NULL,0,'0.00',NULL,NULL,NULL,'W2014-000009',0,'2014-01-17','326750.00',65537,9);

INSERT INTO `itemworkorder` (`id`,`createdDate`,`deleted`,`nominal`,`pilihanPersen`,`harga`,`hargaSetelahDiskon`,`jumlah`,`keterangan`,`modifiedDate`,`work_id`,`workOrder_id`) VALUES
 (1,'2014-01-17 16:15:04','N',NULL,NULL,'11000.00','11000.00',2,NULL,NULL,4,1),
 (2,'2014-01-17 16:15:04','N',NULL,NULL,'12000.00','12000.00',17,NULL,NULL,5,1),
 (3,'2014-01-17 16:15:04','N',NULL,NULL,'11750.00','11750.00',2,NULL,NULL,7,1),
 (4,'2014-01-17 16:15:04','N',NULL,NULL,'11500.00','11500.00',11,NULL,NULL,8,1),
 (5,'2014-01-17 16:15:04','N',NULL,NULL,'11500.00','11500.00',2,NULL,NULL,9,1),
 (6,'2014-01-17 16:15:04','N',NULL,NULL,'16000.00','16000.00',7,NULL,NULL,13,1),
 (7,'2014-01-17 16:15:04','N',NULL,NULL,'2500.00','2500.00',3,NULL,NULL,14,1),
 (8,'2014-01-17 16:15:04','N',NULL,NULL,'12500.00','12500.00',1,NULL,NULL,20,1),
 (9,'2014-01-17 16:19:03','N',NULL,NULL,'11000.00','11000.00',1,NULL,NULL,4,2),
 (10,'2014-01-17 16:19:03','N',NULL,NULL,'12000.00','12000.00',8,NULL,NULL,5,2),
 (11,'2014-01-17 16:19:03','N',NULL,NULL,'11750.00','11750.00',5,NULL,NULL,7,2),
 (12,'2014-01-17 16:19:03','N',NULL,NULL,'11500.00','11500.00',11,NULL,NULL,8,2),
 (13,'2014-01-17 16:19:03','N',NULL,NULL,'11500.00','11500.00',1,NULL,NULL,9,2),
 (14,'2014-01-17 16:19:03','N',NULL,NULL,'16000.00','16000.00',4,NULL,NULL,13,2),
 (15,'2014-01-17 16:19:03','N',NULL,NULL,'2500.00','2500.00',5,NULL,NULL,14,2),
 (16,'2014-01-17 16:22:01','N',NULL,NULL,'6500.00','6500.00',15,NULL,NULL,65537,3),
 (17,'2014-01-17 16:25:52','N',NULL,NULL,'11000.00','11000.00',2,NULL,NULL,4,4),
 (18,'2014-01-17 16:25:52','N',NULL,NULL,'12000.00','12000.00',6,NULL,NULL,5,4),
 (19,'2014-01-17 16:25:52','N',NULL,NULL,'11750.00','11750.00',2,NULL,NULL,7,4),
 (20,'2014-01-17 16:25:52','N',NULL,NULL,'11500.00','11500.00',8,NULL,NULL,8,4),
 (21,'2014-01-17 16:25:52','N',NULL,NULL,'11500.00','11500.00',2,NULL,NULL,9,4),
 (22,'2014-01-17 16:25:52','N',NULL,NULL,'16000.00','16000.00',1,NULL,NULL,13,4),
 (23,'2014-01-17 16:25:52','N',NULL,NULL,'2500.00','2500.00',1,NULL,NULL,14,4),
 (24,'2014-01-17 16:25:52','N',NULL,NULL,'12500.00','12500.00',2,NULL,NULL,20,4),
 (25,'2014-01-17 16:25:52','N',NULL,NULL,'13500.00','13500.00',2,NULL,NULL,29,4),
 (26,'2014-01-17 16:28:40','N',NULL,NULL,'11000.00','11000.00',2,NULL,NULL,4,5),
 (27,'2014-01-17 16:28:40','N',NULL,NULL,'12000.00','12000.00',9,NULL,NULL,5,5),
 (28,'2014-01-17 16:28:40','N',NULL,NULL,'11750.00','11750.00',4,NULL,NULL,7,5),
 (29,'2014-01-17 16:28:40','N',NULL,NULL,'11500.00','11500.00',9,NULL,NULL,8,5),
 (30,'2014-01-17 16:28:40','N',NULL,NULL,'11500.00','11500.00',3,NULL,NULL,9,5),
 (31,'2014-01-17 16:28:40','N',NULL,NULL,'16000.00','16000.00',5,NULL,NULL,13,5),
 (32,'2014-01-17 16:28:40','N',NULL,NULL,'2500.00','2500.00',2,NULL,NULL,14,5),
 (33,'2014-01-17 16:28:40','N',NULL,NULL,'20500.00','20500.00',1,NULL,NULL,18,5),
 (34,'2014-01-17 16:28:40','N',NULL,NULL,'12500.00','12500.00',3,NULL,NULL,20,5),
 (35,'2014-01-17 16:32:33','N',NULL,NULL,'22500.00','22500.00',1,NULL,NULL,74,6),
 (36,'2014-01-17 16:32:33','N',NULL,NULL,'12000.00','12000.00',15,NULL,NULL,5,6),
 (37,'2014-01-17 16:32:33','N',NULL,NULL,'11750.00','11750.00',4,NULL,NULL,7,6),
 (38,'2014-01-17 16:32:33','N',NULL,NULL,'11500.00','11500.00',14,NULL,NULL,8,6),
 (39,'2014-01-17 16:32:33','N',NULL,NULL,'11500.00','11500.00',4,NULL,NULL,9,6),
 (40,'2014-01-17 16:32:33','N',NULL,NULL,'16000.00','16000.00',6,NULL,NULL,13,6),
 (41,'2014-01-17 16:32:33','N',NULL,NULL,'2500.00','2500.00',7,NULL,NULL,14,6),
 (42,'2014-01-17 16:34:28','N',NULL,NULL,'11000.00','11000.00',2,NULL,NULL,4,7),
 (43,'2014-01-17 16:34:28','N',NULL,NULL,'12000.00','12000.00',10,NULL,NULL,5,7),
 (44,'2014-01-17 16:34:28','N',NULL,NULL,'11750.00','11750.00',5,NULL,NULL,7,7),
 (45,'2014-01-17 16:34:28','N',NULL,NULL,'11500.00','11500.00',10,NULL,NULL,8,7),
 (46,'2014-01-17 16:34:28','N',NULL,NULL,'16000.00','16000.00',3,NULL,NULL,13,7),
 (47,'2014-01-17 16:34:28','N',NULL,NULL,'2500.00','2500.00',2,NULL,NULL,14,7),
 (48,'2014-01-17 16:34:28','N',NULL,NULL,'12500.00','12500.00',1,NULL,NULL,20,7),
 (49,'2014-01-17 16:36:34','N',NULL,NULL,'11000.00','11000.00',2,NULL,NULL,4,8),
 (50,'2014-01-17 16:36:34','N',NULL,NULL,'12000.00','12000.00',10,NULL,NULL,5,8),
 (51,'2014-01-17 16:36:34','N',NULL,NULL,'11750.00','11750.00',3,NULL,NULL,7,8),
 (52,'2014-01-17 16:36:34','N',NULL,NULL,'11500.00','11500.00',14,NULL,NULL,8,8),
 (53,'2014-01-17 16:36:34','N',NULL,NULL,'16000.00','16000.00',5,NULL,NULL,13,8),
 (54,'2014-01-17 16:36:34','N',NULL,NULL,'2500.00','2500.00',4,NULL,NULL,14,8),
 (55,'2014-01-17 16:36:34','N',NULL,NULL,'12500.00','12500.00',1,NULL,NULL,20,8),
 (56,'2014-01-17 16:43:41','N',NULL,NULL,'12000.00','12000.00',6,NULL,NULL,5,9),
 (57,'2014-01-17 16:43:41','N',NULL,NULL,'11750.00','11750.00',1,NULL,NULL,7,9),
 (58,'2014-01-17 16:43:41','N',NULL,NULL,'11500.00','11500.00',9,NULL,NULL,8,9),
 (59,'2014-01-17 16:43:41','N',NULL,NULL,'11500.00','11500.00',5,NULL,NULL,9,9),
 (60,'2014-01-17 16:43:41','N',NULL,NULL,'16000.00','16000.00',3,NULL,NULL,13,9),
 (61,'2014-01-17 16:43:41','N',NULL,NULL,'2500.00','2500.00',2,NULL,NULL,14,9),
 (62,'2014-01-17 16:43:41','N',NULL,NULL,'12500.00','12500.00',1,NULL,NULL,20,9),
 (63,'2014-01-17 16:43:41','N',NULL,NULL,'16500.00','16500.00',1,NULL,NULL,21,9);

INSERT INTO `eventpekerjaan` (`id`,`createdDate`,`deleted`,`modifiedDate`,`status`,`tanggal`,`workOrder_id`) VALUES
 (1,'2014-01-17 16:15:04','N',NULL,0,'2014-01-17 16:15:00',1),
 (2,'2014-01-17 16:19:03','N',NULL,0,'2014-01-17 16:19:01',2),
 (3,'2014-01-17 16:22:01','N',NULL,0,'2014-01-17 16:22:00',3),
 (4,'2014-01-17 16:25:52','N',NULL,0,'2014-01-17 16:25:51',4),
 (5,'2014-01-17 16:28:40','N',NULL,0,'2014-01-17 16:28:38',5),
 (6,'2014-01-17 16:32:33','N',NULL,0,'2014-01-17 16:32:31',6),
 (7,'2014-01-17 16:34:28','N',NULL,0,'2014-01-17 16:34:26',7),
 (8,'2014-01-17 16:36:34','N',NULL,0,'2014-01-17 16:36:32',8),
 (9,'2014-01-17 16:43:41','N',NULL,0,'2014-01-17 16:43:39',9);
